,ts_code,trade_date,open,high,low,close,pre_close,change,pct_chg,vol,amount
0,002808.SZ,20190402,15.79,16.02,15.53,15.72,15.78,-0.06,-0.3802,58027.53,91318.53
1,002808.SZ,20190401,15.56,15.85,15.38,15.78,15.41,0.37,2.401,55390.9,86855.051
2,002808.SZ,20190329,15.19,15.6,15.19,15.41,15.2,0.21,1.3816,40933.72,63027.426
3,002808.SZ,20190328,15.66,15.73,15.19,15.2,15.83,-0.63,-3.9798,43168.73,66713.894
4,002808.SZ,20190327,15.79,15.86,15.16,15.83,15.52,0.31,1.9974,64136.66,100314.442
5,002808.SZ,20190326,16.4,16.58,15.3,15.52,16.3,-0.78,-4.7853,80941.04,128992.156
6,002808.SZ,20190325,16.32,16.75,16.15,16.3,16.65,-0.35,-2.1021,62782.4,102997.114
7,002808.SZ,20190322,16.78,16.92,16.13,16.65,16.89,-0.24,-1.421,86829.21,143420.022
8,002808.SZ,20190321,16.8,17.31,16.2,16.89,16.87,0.02,0.1186,105810.78,175653.7
9,002808.SZ,20190320,18.27,18.27,16.81,16.87,16.61,0.26,1.5653,148490.1,259353.907
10,002808.SZ,20190319,17.13,17.28,16.55,16.61,17.2,-0.59,-3.4302,49991.97,84122.105
11,002808.SZ,20190318,17.18,17.5,16.54,17.2,16.8,0.4,2.381,81492.54,138699.488
12,002808.SZ,20190315,16.74,18.38,16.71,16.8,16.78,0.02,0.1192,87098.17,150133.969
13,002808.SZ,20190314,16.65,16.92,15.76,16.78,16.6,0.18,1.0843,52471.39,85787.031
14,002808.SZ,20190313,16.8,17.54,16.5,16.6,16.71,-0.11,-0.6583,66333.44,113197.732
15,002808.SZ,20190312,16.72,16.97,16.3,16.71,16.71,0.0,0.0,61513.85,101912.954
16,002808.SZ,20190311,15.66,16.9,15.56,16.71,15.66,1.05,6.705,76119.82,125126.517
17,002808.SZ,20190308,14.63,15.97,14.33,15.66,14.93,0.73,4.8895,90489.36,139960.116
18,002808.SZ,20190307,14.68,15.13,14.51,14.93,14.73,0.2,1.3578,52341.59,77554.741
19,002808.SZ,20190306,14.41,14.75,14.2,14.73,14.38,0.35,2.4339,57899.32,83707.654
20,002808.SZ,20190305,14.44,14.44,14.17,14.38,14.36,0.02,0.1393,43673.61,62365.337
21,002808.SZ,20190304,14.07,14.59,13.91,14.36,14.04,0.32,2.2792,56064.71,80169.267
22,002808.SZ,20190301,14.24,14.28,13.5,14.04,14.11,-0.07,-0.4961,22685.07,31555.123
23,002808.SZ,20190228,14.15,14.29,13.86,14.11,14.2,-0.09,-0.6338,26760.63,37515.931
24,002808.SZ,20190227,14.09,14.8,14.06,14.2,14.1,0.1,0.7092,46361.84,66681.089
25,002808.SZ,20190226,14.07,14.38,13.8,14.1,14.07,0.03,0.2132,43166.35,60734.16
26,002808.SZ,20190225,13.98,14.28,13.65,14.07,13.7,0.37,2.7007,58815.49,82118.139
27,002808.SZ,20190222,13.29,13.72,13.23,13.7,13.41,0.29,2.1626,28766.25,39144.399
28,002808.SZ,20190221,13.32,13.84,13.2,13.41,13.39,0.02,0.1494,38499.95,52263.918
29,002808.SZ,20190220,13.45,13.68,13.01,13.39,13.69,-0.3,-2.1914,36344.96,48537.936
30,002808.SZ,20190219,13.37,14.5,13.0,13.69,13.39,0.3,2.2405,53416.08,72228.265
31,002808.SZ,20190218,13.16,13.44,13.04,13.39,13.07,0.32,2.4484,39488.04,52348.047
32,002808.SZ,20190215,12.92,13.15,12.92,13.07,13.0,0.07,0.5385,22218.8,28986.508
33,002808.SZ,20190214,13.08,13.15,12.89,13.0,13.12,-0.12,-0.9146,28619.14,37147.243
34,002808.SZ,20190213,12.54,13.16,12.47,13.12,12.5,0.62,4.96,36906.16,47173.819
35,002808.SZ,20190212,12.38,12.62,12.38,12.5,12.5,0.0,0.0,12671.73,15854.935
36,002808.SZ,20190211,12.38,12.55,12.21,12.5,12.45,0.05,0.4016,17462.37,21711.272
37,002808.SZ,20190201,12.2,12.46,11.8,12.45,12.19,0.26,2.1329,28461.64,34299.872
38,002808.SZ,20190131,12.47,12.67,12.19,12.19,12.46,-0.27,-2.1669,13057.0,16185.432
39,002808.SZ,20190130,12.79,12.99,12.46,12.46,12.99,-0.53,-4.0801,12849.6,16313.703
40,002808.SZ,20190129,12.71,12.99,12.36,12.99,12.76,0.23,1.8025,22597.0,28530.424
41,002808.SZ,20190128,12.95,13.06,12.68,12.76,12.92,-0.16,-1.2384,16909.13,21641.327
42,002808.SZ,20190125,13.21,13.21,12.9,12.92,13.2,-0.28,-2.1212,19041.4,24797.836
43,002808.SZ,20190124,13.29,13.33,13.13,13.2,13.31,-0.11,-0.8264,13894.0,18371.254
44,002808.SZ,20190123,13.38,13.38,13.11,13.31,13.38,-0.07,-0.5232,13377.37,17695.99
45,002808.SZ,20190122,13.07,13.5,13.03,13.38,13.13,0.25,1.904,32585.16,43478.107
46,002808.SZ,20190121,13.08,13.15,12.87,13.13,13.07,0.06,0.4591,17843.43,23167.816
47,002808.SZ,20190118,13.06,13.18,12.94,13.07,13.08,-0.01,-0.0765,13345.03,17407.451
48,002808.SZ,20190117,13.2,13.33,12.9,13.08,13.28,-0.2,-1.506,29182.03,38224.832
49,002808.SZ,20190116,12.91,13.5,12.88,13.28,12.8,0.48,3.75,58319.89,77142.006
50,002808.SZ,20190115,12.31,12.8,12.23,12.8,12.4,0.4,3.2258,17727.6,22210.786
51,002808.SZ,20190114,12.54,12.57,12.27,12.4,12.42,-0.02,-0.161,11839.2,14637.646
52,002808.SZ,20190111,12.66,12.74,12.33,12.42,12.63,-0.21,-1.6627,14103.2,17541.237
53,002808.SZ,20190110,12.9,12.9,12.62,12.63,12.8,-0.17,-1.3281,11424.0,14502.797
54,002808.SZ,20190109,12.86,13.02,12.71,12.8,12.87,-0.07,-0.5439,16397.58,21137.815
55,002808.SZ,20190108,13.1,13.11,12.84,12.87,13.06,-0.19,-1.4548,10640.87,13771.433
56,002808.SZ,20190107,12.89,13.1,12.76,13.06,12.9,0.16,1.2403,14780.53,19179.218
57,002808.SZ,20190104,12.8,13.06,12.0,12.9,12.82,0.08,0.624,15702.39,20204.746
58,002808.SZ,20190103,12.85,12.93,12.62,12.82,12.75,0.07,0.549,8722.4,11169.156
59,002808.SZ,20190102,12.82,13.08,12.69,12.75,12.8,-0.05,-0.3906,16834.76,21646.465
60,002808.SZ,20181228,12.78,12.98,12.63,12.8,12.7,0.1,0.7874,16983.2,21749.36
61,002808.SZ,20181227,12.55,13.08,12.55,12.7,12.49,0.21,1.6813,25573.52,32750.732
62,002808.SZ,20181226,12.58,12.64,12.43,12.49,12.63,-0.14,-1.1085,12022.32,15039.601
63,002808.SZ,20181225,12.35,12.68,12.0,12.63,12.38,0.25,2.0194,16679.56,20799.289
64,002808.SZ,20181224,12.38,12.38,12.23,12.38,12.26,0.12,0.9788,6564.55,8075.651
65,002808.SZ,20181221,12.18,12.37,12.16,12.26,12.2,0.06,0.4918,5295.6,6482.663
66,002808.SZ,20181220,12.17,12.31,12.12,12.2,12.18,0.02,0.1642,6052.5,7389.119
67,002808.SZ,20181219,12.35,12.41,12.17,12.18,12.25,-0.07,-0.5714,10184.0,12530.169
68,002808.SZ,20181218,12.3,12.42,12.2,12.25,12.31,-0.06,-0.4874,6145.8,7547.692
69,002808.SZ,20181217,12.3,12.53,12.3,12.31,12.4,-0.09,-0.7258,5387.6,6653.095
70,002808.SZ,20181214,12.48,12.56,12.26,12.4,12.47,-0.07,-0.5613,12927.7,16013.358
71,002808.SZ,20181213,12.59,12.66,12.45,12.47,12.56,-0.09,-0.7166,7655.8,9608.745
72,002808.SZ,20181212,12.01,12.66,12.01,12.56,12.55,0.01,0.0797,10682.8,13377.287
73,002808.SZ,20181211,12.52,12.7,12.51,12.55,12.52,0.03,0.2396,6792.2,8560.381
74,002808.SZ,20181210,12.51,12.85,12.46,12.52,12.75,-0.23,-1.8039,9170.0,11576.087
75,002808.SZ,20181207,12.14,12.89,12.14,12.75,12.33,0.42,3.4063,23594.8,30079.581
76,002808.SZ,20181206,12.6,12.68,12.32,12.33,12.6,-0.27,-2.1429,8050.6,10059.94
77,002808.SZ,20181205,12.68,12.76,12.53,12.6,12.83,-0.23,-1.7927,14208.0,17900.615
78,002808.SZ,20181204,12.85,12.95,12.72,12.83,12.92,-0.09,-0.6966,11856.6,15191.927
79,002808.SZ,20181203,12.92,13.03,12.71,12.92,12.74,0.18,1.4129,19159.19,24641.541
80,002808.SZ,20181130,12.78,12.8,12.51,12.74,12.75,-0.01,-0.0784,13327.4,16940.825
81,002808.SZ,20181129,12.75,12.89,12.4,12.75,12.75,0.0,0.0,14970.2,18914.998
82,002808.SZ,20181128,12.7,12.77,12.55,12.75,12.65,0.1,0.7905,9264.0,11777.116
83,002808.SZ,20181127,12.52,12.65,12.47,12.65,12.53,0.12,0.9577,12198.86,15366.106
84,002808.SZ,20181126,12.5,12.55,12.3,12.53,12.45,0.08,0.6426,10153.6,12675.362
85,002808.SZ,20181123,12.76,12.88,12.28,12.45,12.76,-0.31,-2.4295,26579.4,33264.52
86,002808.SZ,20181122,12.81,12.9,12.52,12.76,12.77,-0.01,-0.0783,16412.0,20910.201
87,002808.SZ,20181121,13.28,13.28,12.31,12.77,13.56,-0.79,-5.826,48040.9,61983.57
88,002808.SZ,20181120,14.53,14.54,13.5,13.56,14.52,-0.96,-6.6116,44046.33,61923.405
89,002808.SZ,20181119,14.11,14.75,14.09,14.52,14.07,0.45,3.1983,47296.2,68475.447
90,002808.SZ,20181116,13.61,14.1,13.6,14.07,13.68,0.39,2.8509,47457.6,66070.624
91,002808.SZ,20181115,13.77,13.77,13.48,13.68,13.72,-0.04,-0.2915,24975.62,34064.149
92,002808.SZ,20181114,13.65,13.87,13.27,13.72,13.75,-0.03,-0.2182,34615.61,47249.369
93,002808.SZ,20181113,13.59,14.0,13.56,13.75,13.73,0.02,0.1457,34187.69,47184.34
94,002808.SZ,20181112,13.7,13.76,13.41,13.73,13.74,-0.01,-0.0728,25769.2,35182.675
95,002808.SZ,20181109,13.49,13.8,13.37,13.74,13.62,0.12,0.8811,34838.8,47597.086
96,002808.SZ,20181108,13.15,13.75,13.03,13.62,13.09,0.53,4.0489,28334.6,38128.907
97,002808.SZ,20181107,13.51,13.51,12.89,13.09,13.28,-0.19,-1.4307,17237.0,22707.331
98,002808.SZ,20181106,13.67,13.67,13.18,13.28,13.58,-0.3,-2.2091,16249.0,21692.821
99,002808.SZ,20181105,13.67,13.8,13.47,13.58,13.67,-0.09,-0.6584,24550.4,33395.59
100,002808.SZ,20181102,13.21,13.82,13.21,13.67,13.14,0.53,4.0335,38236.22,51626.317
101,002808.SZ,20181101,13.05,13.27,12.8,13.14,13.08,0.06,0.4587,15506.4,20354.415
102,002808.SZ,20181031,12.95,13.19,12.45,13.08,12.8,0.28,2.1875,24330.22,31351.044
103,002808.SZ,20181030,13.8,13.87,12.6,12.8,13.93,-1.13,-8.112,45018.17,59232.199
104,002808.SZ,20181029,13.8,14.3,13.65,13.93,13.92,0.01,0.0718,32644.82,45659.502
105,002808.SZ,20181026,13.88,14.0,13.4,13.92,13.88,0.04,0.2882,31018.69,42611.147
106,002808.SZ,20181025,13.81,14.13,13.77,13.88,14.2,-0.32,-2.2535,16837.33,23426.483
107,002808.SZ,20181024,13.6,14.38,13.6,14.2,13.88,0.32,2.3055,29685.25,41940.529
108,002808.SZ,20181023,14.32,14.32,13.77,13.88,14.24,-0.36,-2.5281,25381.26,35535.576
109,002808.SZ,20181022,13.78,14.48,13.78,14.24,13.79,0.45,3.2632,40178.62,56846.091
110,002808.SZ,20181019,14.03,14.46,13.3,13.79,14.07,-0.28,-1.99,32964.6,45843.099
111,002808.SZ,20181018,14.72,14.72,13.88,14.07,14.72,-0.65,-4.4158,27694.4,39380.736
112,002808.SZ,20181017,14.8,15.05,14.32,14.72,14.9,-0.18,-1.2081,34215.39,50089.799
113,002808.SZ,20181016,14.94,15.56,14.49,14.9,14.95,-0.05,-0.3344,59439.1,89358.151
114,002808.SZ,20181015,13.91,15.38,13.91,14.95,14.09,0.86,6.1036,63880.26,95067.586
115,002808.SZ,20181012,13.5,14.38,13.18,14.09,13.54,0.55,4.062,36728.49,50472.812
116,002808.SZ,20181011,13.18,13.83,12.82,13.54,13.37,0.17,1.2715,39975.99,53408.671
117,002808.SZ,20181010,13.33,13.49,13.28,13.37,13.41,-0.04,-0.2983,12502.88,16711.772
118,002808.SZ,20181009,13.48,13.65,13.25,13.41,13.44,-0.03,-0.2232,23131.4,30980.842
119,002808.SZ,20181008,12.94,13.86,12.9,13.44,13.15,0.29,2.2053,34621.55,46804.435
120,002808.SZ,20180928,12.8,13.49,12.8,13.15,12.96,0.19,1.466,19242.36,25212.918
121,002808.SZ,20180927,12.86,13.1,12.78,12.96,12.95,0.01,0.0772,22768.38,29493.276
122,002808.SZ,20180926,12.6,13.15,12.46,12.95,12.68,0.27,2.1293,42796.42,54932.381
123,002808.SZ,20180925,12.22,12.82,12.07,12.68,12.2,0.48,3.9344,29643.59,36884.349
124,002808.SZ,20180921,11.85,12.34,11.81,12.2,11.8,0.4,3.3898,26081.2,31649.105
125,002808.SZ,20180920,11.99,12.13,11.75,11.8,12.09,-0.29,-2.3987,16724.2,19900.507
126,002808.SZ,20180919,12.0,12.29,12.0,12.09,12.09,0.0,0.0,13463.03,16326.91
127,002808.SZ,20180918,11.71,12.3,11.71,12.09,11.91,0.18,1.5113,14882.84,17995.837
128,002808.SZ,20180917,12.12,12.19,11.86,11.91,12.12,-0.21,-1.7327,9049.2,10896.397
129,002808.SZ,20180914,12.03,12.33,11.7,12.12,12.05,0.07,0.5809,15244.23,18424.374
130,002808.SZ,20180913,12.1,12.16,11.85,12.05,12.05,0.0,0.0,11196.2,13408.95
131,002808.SZ,20180912,11.93,12.18,11.79,12.05,12.05,0.0,0.0,16061.8,19269.037
132,002808.SZ,20180911,12.47,12.47,11.92,12.05,12.5,-0.45,-3.6,21897.31,26724.372
133,002808.SZ,20180910,12.18,12.72,12.18,12.5,12.24,0.26,2.1242,25973.36,32247.949
134,002808.SZ,20180907,12.22,12.3,12.11,12.24,12.28,-0.04,-0.3257,12273.7,14969.774
135,002808.SZ,20180906,11.9,12.36,11.84,12.28,11.95,0.33,2.7615,27506.2,33626.976
136,002808.SZ,20180905,11.92,12.05,11.84,11.95,11.96,-0.01,-0.0836,18635.4,22236.394
137,002808.SZ,20180904,11.38,12.4,11.38,11.96,11.34,0.62,5.4674,32809.66,39035.382
138,002808.SZ,20180903,11.31,11.7,11.28,11.34,11.31,0.03,0.2653,17865.8,20568.318
139,002808.SZ,20180831,11.47,11.68,11.31,11.31,11.66,-0.35,-3.0017,18769.0,21610.899
140,002808.SZ,20180830,11.9,12.11,11.6,11.66,11.82,-0.16,-1.3536,20424.6,24096.483
141,002808.SZ,20180829,12.77,12.77,11.8,11.82,12.55,-0.73,-5.8167,33793.08,41213.113
142,002808.SZ,20180828,11.86,12.72,11.72,12.55,11.84,0.71,5.9966,53498.79,65463.451
143,002808.SZ,20180827,11.88,11.94,11.5,11.84,11.88,-0.04,-0.3367,38433.59,44992.947
144,002808.SZ,20180824,12.08,12.11,11.82,11.88,12.1,-0.22,-1.8182,21718.1,25909.362
145,002808.SZ,20180823,12.11,12.32,11.92,12.1,12.22,-0.12,-0.982,25250.43,30498.352
146,002808.SZ,20180822,12.46,12.67,12.2,12.22,12.84,-0.62,-4.8287,34414.87,42708.09
147,002808.SZ,20180821,12.1,13.17,11.79,12.84,12.56,0.28,2.2293,70693.65,87423.088
148,002808.SZ,20180820,12.1,12.9,11.9,12.56,12.0,0.56,4.6667,74593.15,93186.09
149,002808.SZ,20180817,10.9,12.0,10.9,12.0,10.91,1.09,9.9908,63084.9,72782.614
150,002808.SZ,20180816,10.7,11.08,10.58,10.91,10.73,0.18,1.6775,14701.09,15965.843
151,002808.SZ,20180815,10.87,10.91,10.73,10.73,10.81,-0.08,-0.7401,8520.4,9206.047
152,002808.SZ,20180814,10.73,10.98,10.65,10.81,10.83,-0.02,-0.1847,13589.67,14690.325
153,002808.SZ,20180813,10.6,10.98,10.55,10.83,10.63,0.2,1.8815,22700.94,24510.497
154,002808.SZ,20180810,10.55,10.8,10.5,10.63,10.55,0.08,0.7583,11731.41,12459.625
155,002808.SZ,20180809,10.47,10.61,10.38,10.55,10.38,0.17,1.6378,7525.41,7937.038
156,002808.SZ,20180808,10.42,10.53,10.35,10.38,10.4,-0.02,-0.1923,5779.32,6036.098
157,002808.SZ,20180807,10.39,10.62,10.2,10.4,10.21,0.19,1.8609,6995.61,7303.592
158,002808.SZ,20180806,10.09,10.58,9.89,10.21,10.32,-0.11,-1.0659,9872.99,10164.546
159,002808.SZ,20180803,10.61,10.68,10.03,10.32,10.8,-0.48,-4.4444,13414.12,14024.053
160,002808.SZ,20180802,10.37,10.8,9.9,10.8,10.37,0.43,4.1466,20711.2,21638.641
161,002808.SZ,20180801,10.45,10.6,10.37,10.37,10.43,-0.06,-0.5753,9893.05,10358.375
162,002808.SZ,20180731,10.5,10.51,10.31,10.43,10.4,0.03,0.2885,5452.65,5680.053
163,002808.SZ,20180730,10.7,10.84,10.4,10.4,10.68,-0.28,-2.6217,9712.0,10258.637
164,002808.SZ,20180727,10.85,10.85,10.56,10.68,10.81,-0.13,-1.2026,6716.45,7176.283
165,002808.SZ,20180726,10.72,10.85,10.72,10.81,10.78,0.03,0.2783,6945.4,7511.02
166,002808.SZ,20180725,10.82,10.88,10.71,10.78,10.82,-0.04,-0.3697,5345.4,5772.525
167,002808.SZ,20180724,10.68,10.85,10.67,10.82,10.76,0.06,0.5576,8585.0,9260.764
168,002808.SZ,20180723,10.48,10.82,10.48,10.76,10.52,0.24,2.2814,13144.66,14102.642
169,002808.SZ,20180720,10.48,10.58,10.41,10.52,10.48,0.04,0.3817,5800.2,6088.727
170,002808.SZ,20180719,10.55,10.66,10.47,10.48,10.54,-0.06,-0.57,6846.2,7212.233
171,002808.SZ,20180718,10.66,10.79,10.49,10.54,10.6,-0.06,-0.57,9192.8,9758.188
172,002808.SZ,20180717,10.4,10.67,10.4,10.6,10.57,0.03,0.28,9354.8,9829.882
173,002808.SZ,20180716,10.5,10.69,10.47,10.57,10.84,-0.27,-2.49,11222.8,11852.381
174,002808.SZ,20180713,11.26,11.26,10.38,10.84,10.75,0.09,0.84,35346.2,38695.181
175,002808.SZ,20180712,10.39,10.75,10.34,10.75,10.29,0.46,4.47,14852.0,15682.671
176,002808.SZ,20180711,10.45,10.48,10.2,10.34,10.55,-0.21,-1.99,9305.65,9605.251
177,002808.SZ,20180710,10.39,10.63,10.36,10.55,10.46,0.09,0.86,8252.4,8654.402
178,002808.SZ,20180709,10.2,10.66,10.19,10.46,10.27,0.19,1.85,9316.05,9749.933
179,002808.SZ,20180706,10.23,10.47,10.03,10.27,10.38,-0.11,-1.06,15198.8,15644.117
180,002808.SZ,20180705,10.55,10.94,10.15,10.38,10.33,0.05,0.48,20258.0,21152.32
181,002808.SZ,20180704,10.48,11.18,10.31,10.33,10.66,-0.33,-3.1,19763.08,21098.651
182,002808.SZ,20180703,10.23,10.78,10.18,10.66,10.3,0.36,3.5,15031.54,15733.863
183,002808.SZ,20180702,10.45,10.58,10.1,10.3,10.36,-0.06,-0.58,11395.6,11794.093
184,002808.SZ,20180629,10.22,10.51,10.22,10.36,10.27,0.09,0.88,12088.19,12623.004
185,002808.SZ,20180628,10.3,10.59,10.23,10.27,10.4,-0.13,-1.25,9030.4,9375.248
186,002808.SZ,20180627,10.37,10.58,10.21,10.4,10.47,-0.07,-0.67,12171.8,12623.869
187,002808.SZ,20180626,9.9,10.5,9.9,10.47,10.21,0.26,2.55,18056.81,18620.193
188,002808.SZ,20180625,10.8,10.87,10.15,10.21,10.36,-0.15,-1.45,28423.74,29918.458
189,002808.SZ,20180622,9.65,10.36,9.35,10.36,9.42,0.94,9.98,24672.09,24978.315
190,002808.SZ,20180621,9.94,10.13,9.42,9.42,10.02,-0.6,-5.99,9589.2,9366.071
191,002808.SZ,20180620,9.28,10.23,9.28,10.02,9.89,0.13,1.31,10553.6,10479.876
192,002808.SZ,20180619,10.44,10.44,9.62,9.89,10.4,-0.51,-4.9,14280.0,14288.726
193,002808.SZ,20180615,10.93,10.99,10.4,10.4,10.97,-0.57,-5.2,10869.6,11581.0
194,002808.SZ,20180614,10.87,11.24,10.85,10.97,11.07,-0.1,-0.9,9138.28,10074.18
195,002808.SZ,20180613,11.15,11.32,11.02,11.07,11.24,-0.17,-1.51,10555.0,11803.375
196,002808.SZ,20180612,11.18,11.33,10.96,11.24,11.17,0.07,0.63,7998.0,8927.188
197,002808.SZ,20180611,11.17,11.37,11.04,11.17,11.15,0.02,0.18,10937.0,12318.646
198,002808.SZ,20180608,11.5,11.79,10.6,11.15,11.76,-0.61,-5.19,25333.6,28584.529
199,002808.SZ,20180607,12.05,12.18,11.75,11.76,12.05,-0.29,-2.41,13312.8,15792.702
200,002808.SZ,20180606,11.74,12.29,11.7,12.05,11.79,0.26,2.21,19999.2,24083.591
201,002808.SZ,20180605,11.79,11.95,11.2,11.79,11.97,-0.18,-1.5,24846.2,29058.379
202,002808.SZ,20180604,13.2,13.3,11.97,11.97,13.3,-1.33,-10.0,47062.71,59276.01
203,002808.SZ,20180601,13.63,13.97,13.25,13.3,13.75,-0.45,-3.27,49401.4,67064.878
204,002808.SZ,20180531,13.31,14.1,13.13,13.75,13.32,0.43,3.23,58930.49,79883.703
205,002808.SZ,20180530,13.33,13.85,12.5,13.32,13.48,-0.16,-1.19,50251.29,67204.374
206,002808.SZ,20180529,13.28,13.67,13.1,13.48,13.27,0.21,1.58,28437.8,38101.267
207,002808.SZ,20180528,13.2,13.5,13.06,13.27,13.2,0.07,0.53,23540.6,31330.32
208,002808.SZ,20180525,12.94,13.32,12.52,13.2,12.94,0.26,2.01,24909.14,32526.544
209,002808.SZ,20180524,12.79,12.98,12.63,12.94,12.78,0.16,1.25,13186.1,16954.683
210,002808.SZ,20180523,12.83,12.95,12.76,12.78,12.96,-0.18,-1.39,8557.2,10975.753
211,002808.SZ,20180522,12.74,12.96,12.62,12.96,12.82,0.14,1.09,12310.3,15725.235
212,002808.SZ,20180521,12.51,12.96,12.41,12.82,12.54,0.28,2.23,15298.4,19519.557
213,002808.SZ,20180518,12.75,12.75,12.26,12.54,12.74,-0.2,-1.57,18017.6,22483.401
214,002808.SZ,20180517,13.2,13.36,12.66,12.74,13.32,-0.58,-4.35,29134.78,37448.454
215,002808.SZ,20180516,13.33,13.72,13.27,13.32,13.42,-0.1,-0.75,17610.18,23777.875
216,002808.SZ,20180515,13.54,13.54,13.12,13.42,13.43,-0.01,-0.07,18266.5,24320.827
217,002808.SZ,20180514,13.2,13.51,13.1,13.43,13.34,0.09,0.67,16617.24,22232.211
218,002808.SZ,20180511,13.64,13.65,13.2,13.34,13.69,-0.35,-2.56,26180.28,34921.407
219,002808.SZ,20180510,13.68,14.05,13.44,13.69,13.4,0.29,2.16,36364.47,49864.02
220,002808.SZ,20180509,13.66,13.7,13.22,13.4,13.79,-0.39,-2.83,40810.48,54759.57
221,002808.SZ,20180508,13.68,13.99,13.68,13.79,13.8,-0.01,-0.07,33816.18,46661.985
222,002808.SZ,20180507,13.58,14.08,13.58,13.8,13.89,-0.09,-0.65,41554.98,57290.757
223,002808.SZ,20180504,14.5,14.6,13.5,13.89,13.99,-0.1,-0.71,78773.53,110388.223
224,002808.SZ,20180503,12.61,13.99,12.6,13.99,12.72,1.27,9.98,68976.48,94880.563
225,002808.SZ,20180502,13.09,13.19,12.49,12.72,13.09,-0.37,-2.83,16118.38,20477.136
226,002808.SZ,20180427,13.01,13.35,13.01,13.09,13.03,0.06,0.46,12863.52,16914.845
227,002808.SZ,20180426,13.8,13.82,13.0,13.03,13.75,-0.72,-5.24,21416.3,28750.761
228,002808.SZ,20180425,13.41,13.78,13.18,13.75,13.62,0.13,0.95,34736.1,46821.375
229,002808.SZ,20180424,13.42,13.7,13.35,13.62,13.59,0.03,0.22,34210.18,46301.374
230,002808.SZ,20180423,12.85,13.9,12.75,13.59,12.85,0.74,5.76,38947.44,51947.626
231,002808.SZ,20180420,13.03,13.13,12.8,12.85,13.08,-0.23,-1.76,15887.5,20518.584
232,002808.SZ,20180419,12.65,13.1,12.62,13.08,12.71,0.37,2.91,22185.5,28578.649
233,002808.SZ,20180418,12.31,12.77,12.01,12.71,12.17,0.54,4.44,15112.8,18764.896
234,002808.SZ,20180417,12.4,12.65,12.12,12.17,12.39,-0.22,-1.78,8342.58,10263.566
235,002808.SZ,20180416,12.52,12.67,12.06,12.39,12.63,-0.24,-1.9,11303.5,14057.953
236,002808.SZ,20180413,12.81,13.11,12.51,12.63,12.92,-0.29,-2.24,16055.01,20546.888
237,002808.SZ,20180412,12.77,13.19,12.66,12.92,12.88,0.04,0.31,22107.9,28563.747
238,002808.SZ,20180411,12.52,13.63,12.45,12.88,12.53,0.35,2.79,40307.99,52315.15
239,002808.SZ,20180410,12.5,12.73,12.31,12.53,12.68,-0.15,-1.18,22015.9,27482.21
240,002808.SZ,20180409,12.19,12.7,11.86,12.68,12.3,0.38,3.09,21717.22,26799.671
241,002808.SZ,20180404,11.95,12.78,11.94,12.3,11.95,0.35,2.93,23344.55,28728.249
242,002808.SZ,20180403,11.88,11.95,11.68,11.95,12.02,-0.07,-0.58,14901.31,17560.202
243,002808.SZ,20180402,12.28,12.28,12.0,12.02,12.3,-0.28,-2.28,16381.06,19869.357
244,002808.SZ,20180330,12.17,12.36,12.17,12.3,12.29,0.01,0.08,13608.8,16678.647
245,002808.SZ,20180329,11.85,12.51,11.85,12.29,11.9,0.39,3.28,21128.1,25753.634
246,002808.SZ,20180328,11.89,12.42,11.85,11.9,12.31,-0.41,-3.33,24826.46,30008.515
247,002808.SZ,20180327,12.59,12.85,12.27,12.31,12.02,0.29,2.41,47983.21,60357.981
248,002808.SZ,20180326,10.77,12.02,10.45,12.02,10.93,1.09,9.97,23346.18,26972.77
249,002808.SZ,20180323,11.65,11.65,10.55,10.93,11.65,-0.72,-6.18,9467.22,10393.867
250,002808.SZ,20180322,11.62,11.93,11.53,11.65,11.61,0.04,0.34,6795.73,7955.575
251,002808.SZ,20180321,11.36,11.78,11.36,11.61,11.52,0.09,0.78,7542.89,8784.989
252,002808.SZ,20180320,11.22,11.6,11.22,11.52,11.32,0.2,1.77,6288.8,7174.678
253,002808.SZ,20180319,11.2,11.39,11.12,11.32,11.2,0.12,1.07,3988.65,4502.948
254,002808.SZ,20180316,11.19,11.35,11.1,11.2,11.2,0.0,0.0,5042.0,5654.486
255,002808.SZ,20180315,11.48,11.48,11.07,11.2,11.55,-0.35,-3.03,6558.0,7374.558
256,002808.SZ,20180314,11.89,12.08,11.54,11.55,11.83,-0.28,-2.37,7738.62,9136.087
257,002808.SZ,20180313,11.74,11.83,11.56,11.83,11.82,0.01,0.08,7683.6,9021.228
258,002808.SZ,20180312,11.45,11.89,11.45,11.82,11.45,0.37,3.23,13407.14,15744.76
259,002808.SZ,20180309,11.33,11.59,11.26,11.45,11.26,0.19,1.69,12192.54,14001.42
260,002808.SZ,20180308,11.27,11.41,11.16,11.26,11.28,-0.02,-0.18,4669.6,5251.089
261,002808.SZ,20180307,11.49,11.56,11.22,11.28,11.49,-0.21,-1.83,8746.55,9973.286
262,002808.SZ,20180306,11.48,11.67,11.36,11.49,11.34,0.15,1.32,9419.84,10838.723
263,002808.SZ,20180305,11.1,11.57,11.04,11.34,11.29,0.05,0.44,10618.5,12106.857
264,002808.SZ,20180302,11.36,11.73,11.24,11.29,11.42,-0.13,-1.14,11639.29,13351.694
265,002808.SZ,20180301,10.8,11.45,10.8,11.42,10.91,0.51,4.67,16607.99,18812.498
266,002808.SZ,20180228,10.68,11.05,10.5,10.91,10.7,0.21,1.96,11352.2,12386.203
267,002808.SZ,20180227,10.6,10.72,10.52,10.7,10.52,0.18,1.71,8506.88,9069.842
268,002808.SZ,20180226,10.19,10.53,10.18,10.52,10.21,0.31,3.04,7247.4,7571.379
269,002808.SZ,20180223,10.25,10.25,10.08,10.21,10.17,0.04,0.39,2536.33,2584.746
270,002808.SZ,20180222,10.08,10.26,10.03,10.17,10.02,0.15,1.5,2957.76,3010.381
271,002808.SZ,20180214,9.99,10.08,9.95,10.02,9.95,0.07,0.7,2718.6,2723.748
272,002808.SZ,20180213,10.19,10.19,9.95,9.95,10.07,-0.12,-1.19,4802.4,4832.348
273,002808.SZ,20180212,9.88,10.14,9.81,10.07,9.81,0.26,2.65,4016.4,4024.837
274,002808.SZ,20180209,10.0,10.0,9.7,9.81,10.13,-0.32,-3.16,3831.4,3785.89
275,002808.SZ,20180208,10.0,10.19,9.9,10.13,10.01,0.12,1.2,3285.6,3322.946
276,002808.SZ,20180207,10.01,10.1,9.52,10.01,9.86,0.15,1.52,6024.48,5983.358
277,002808.SZ,20180206,10.1,10.39,9.7,9.86,10.5,-0.64,-6.1,8003.43,8072.807
278,002808.SZ,20180205,10.7,10.72,10.49,10.5,10.73,-0.23,-2.14,5317.28,5635.267
279,002808.SZ,20180202,10.86,10.86,10.57,10.73,10.86,-0.13,-1.2,6843.4,7330.755
280,002808.SZ,20180201,11.22,11.32,10.81,10.86,11.32,-0.46,-4.06,11245.0,12373.29
281,002808.SZ,20180131,11.68,11.8,11.22,11.32,11.76,-0.44,-3.74,7700.28,8822.656
282,002808.SZ,20180130,11.65,12.0,11.65,11.76,11.78,-0.02,-0.17,3210.48,3781.674
283,002808.SZ,20180129,11.89,12.0,11.7,11.78,11.9,-0.12,-1.01,5336.2,6309.251
284,002808.SZ,20180126,12.05,12.12,11.86,11.9,12.04,-0.14,-1.16,6789.34,8144.517
285,002808.SZ,20180125,12.14,12.24,12.02,12.04,12.16,-0.12,-0.99,7382.48,8932.572
286,002808.SZ,20180124,12.25,12.25,11.92,12.16,12.14,0.02,0.16,10141.0,12245.325
287,002808.SZ,20180123,11.89,12.48,11.83,12.14,11.83,0.31,2.62,14414.48,17544.574
288,002808.SZ,20180122,11.71,11.93,11.41,11.83,11.71,0.12,1.02,7414.82,8679.196
289,002808.SZ,20180119,11.76,11.87,11.67,11.71,11.76,-0.05,-0.43,5914.62,6966.823
290,002808.SZ,20180118,11.71,11.95,11.61,11.76,11.77,-0.01,-0.09,7166.65,8448.431
291,002808.SZ,20180117,11.58,11.87,11.32,11.77,11.58,0.19,1.64,9120.4,10602.193
292,002808.SZ,20180116,11.46,11.75,11.35,11.58,11.46,0.12,1.05,6273.8,7273.868
293,002808.SZ,20180115,11.99,11.99,11.27,11.46,11.99,-0.53,-4.42,10787.53,12465.269
294,002808.SZ,20180112,12.28,12.28,11.92,11.99,12.19,-0.2,-1.64,8509.8,10269.606
295,002808.SZ,20180111,11.92,12.29,11.92,12.19,12.04,0.15,1.25,9726.8,11847.86
296,002808.SZ,20180110,12.36,12.43,11.92,12.04,12.39,-0.35,-2.82,14943.37,18109.92
297,002808.SZ,20180109,12.66,12.79,12.36,12.39,12.68,-0.29,-2.29,15573.82,19470.667
298,002808.SZ,20180108,13.12,13.13,12.61,12.68,13.16,-0.48,-3.65,26427.15,33921.31
299,002808.SZ,20180105,12.25,13.42,12.03,13.16,12.2,0.96,7.87,45866.17,59492.334
300,002808.SZ,20180104,11.92,12.2,11.83,12.2,11.92,0.28,2.35,13937.77,16797.352
301,002808.SZ,20180103,11.95,11.99,11.82,11.92,11.9,0.02,0.17,9483.38,11294.155
302,002808.SZ,20180102,11.93,12.07,11.7,11.9,11.99,-0.09,-0.75,11952.57,14150.927
303,002808.SZ,20171229,11.6,12.45,11.53,11.99,11.56,0.43,3.72,14713.4,17636.947
304,002808.SZ,20171228,11.5,11.79,11.49,11.56,11.6,-0.04,-0.34,8292.15,9665.305
305,002808.SZ,20171227,11.97,11.97,11.48,11.6,11.91,-0.31,-2.6,13620.73,15885.815
306,002808.SZ,20171226,11.05,12.16,11.05,11.91,11.05,0.86,7.78,21201.96,24752.767
307,002808.SZ,20171225,11.35,11.45,10.91,11.05,11.34,-0.29,-2.56,8680.73,9671.878
308,002808.SZ,20171222,11.61,11.61,11.33,11.34,11.5,-0.16,-1.39,5888.8,6723.406
309,002808.SZ,20171221,11.56,11.63,11.36,11.5,11.52,-0.02,-0.17,6626.51,7620.794
310,002808.SZ,20171220,11.88,11.95,11.38,11.52,11.86,-0.34,-2.87,10270.6,11933.797
311,002808.SZ,20171219,11.73,11.93,11.73,11.86,11.73,0.13,1.11,7326.6,8685.626
312,002808.SZ,20171218,11.96,11.98,11.68,11.73,11.96,-0.23,-1.92,7693.8,9085.153
313,002808.SZ,20171215,11.94,11.99,11.76,11.96,11.91,0.05,0.42,8791.55,10470.975
314,002808.SZ,20171214,11.92,11.93,11.72,11.91,11.89,0.02,0.17,8157.6,9641.297
315,002808.SZ,20171213,11.72,11.91,11.65,11.89,11.68,0.21,1.8,7296.23,8630.661
316,002808.SZ,20171212,11.91,12.09,11.65,11.68,12.02,-0.34,-2.83,10124.83,11980.772
317,002808.SZ,20171211,12.3,12.34,11.91,12.02,11.83,0.19,1.61,14304.25,17281.6
318,002808.SZ,20171208,11.73,12.05,11.73,11.83,11.73,0.1,0.85,14212.8,16882.304
319,002808.SZ,20171207,11.59,11.85,11.48,11.73,11.68,0.05,0.43,19307.65,22457.632
320,002808.SZ,20171206,11.73,11.83,11.3,11.68,11.93,-0.25,-2.1,32769.02,37648.098
321,002808.SZ,20171205,13.25,13.25,11.93,11.93,13.25,-1.32,-9.96,25106.6,31003.796
322,002808.SZ,20171204,13.61,13.71,13.1,13.25,13.58,-0.33,-2.43,12519.0,16677.024
323,002808.SZ,20171201,13.61,13.77,13.55,13.58,13.58,0.0,0.0,9505.35,12938.514
324,002808.SZ,20171130,14.03,14.09,13.58,13.58,14.09,-0.51,-3.62,11077.2,15238.443
325,002808.SZ,20171129,14.4,14.4,13.79,14.09,14.4,-0.31,-2.15,9783.4,13707.001
326,002808.SZ,20171128,14.16,14.55,14.1,14.4,14.13,0.27,1.91,7973.2,11314.186
327,002808.SZ,20171127,14.62,14.72,14.13,14.13,14.68,-0.55,-3.75,9011.0,12952.771
328,002808.SZ,20171124,14.83,14.88,14.58,14.68,14.85,-0.17,-1.14,6012.88,8834.814
329,002808.SZ,20171123,15.25,15.32,14.55,14.85,15.2,-0.35,-2.3,9636.8,14272.68
330,002808.SZ,20171122,15.5,15.52,15.0,15.2,15.52,-0.32,-2.06,13367.51,20329.928
331,002808.SZ,20171121,15.35,15.64,15.14,15.52,15.26,0.26,1.7,16646.41,25640.512
332,002808.SZ,20171120,14.92,15.27,14.62,15.26,14.96,0.3,2.01,11965.45,18004.867
333,002808.SZ,20171117,15.34,15.7,14.0,14.96,15.37,-0.41,-2.67,17540.6,26457.841
334,002808.SZ,20171116,15.37,15.49,15.25,15.37,15.49,-0.12,-0.77,6761.07,10395.461
335,002808.SZ,20171115,15.4,15.56,15.17,15.49,15.42,0.07,0.45,10179.51,15653.378
336,002808.SZ,20171114,15.41,15.56,15.18,15.42,15.49,-0.07,-0.45,9399.2,14412.07
337,002808.SZ,20171113,15.7,15.88,15.39,15.49,15.73,-0.24,-1.53,12049.94,18709.693
338,002808.SZ,20171110,15.88,15.88,15.6,15.73,15.76,-0.03,-0.19,11240.2,17657.786
339,002808.SZ,20171109,15.9,15.9,15.63,15.76,15.8,-0.04,-0.25,10256.8,16128.401
340,002808.SZ,20171108,15.46,15.81,15.45,15.8,15.46,0.34,2.2,15602.3,24452.35
341,002808.SZ,20171107,15.6,15.66,15.31,15.46,15.6,-0.14,-0.9,9590.82,14797.878
342,002808.SZ,20171106,15.53,15.65,15.17,15.6,15.44,0.16,1.04,6350.54,9842.957
343,002808.SZ,20171103,15.79,15.79,15.16,15.44,15.78,-0.34,-2.15,11966.4,18423.69
344,002808.SZ,20171102,15.72,15.81,15.52,15.78,15.8,-0.02,-0.13,7587.56,11890.169
345,002808.SZ,20171101,15.65,15.83,15.45,15.8,15.58,0.22,1.41,8912.54,13929.212
346,002808.SZ,20171031,15.23,15.63,15.23,15.58,15.4,0.18,1.17,6131.4,9468.715
347,002808.SZ,20171030,15.62,15.82,15.12,15.4,15.79,-0.39,-2.47,9133.87,13971.358
348,002808.SZ,20171027,16.0,16.0,15.6,15.79,16.02,-0.23,-1.44,11142.08,17599.677
349,002808.SZ,20171026,16.0,16.25,15.88,16.02,16.1,-0.08,-0.5,10022.85,16039.427
350,002808.SZ,20171025,15.41,16.48,15.39,16.1,15.48,0.62,4.01,21809.5,34918.992
351,002808.SZ,20171024,15.5,15.5,15.25,15.48,15.48,0.0,0.0,9241.8,14159.466
352,002808.SZ,20171023,15.38,15.52,15.36,15.48,15.37,0.11,0.72,6306.2,9738.431
353,002808.SZ,20171020,15.17,15.53,15.17,15.37,15.17,0.2,1.32,9077.2,13939.273
354,002808.SZ,20171019,15.71,15.88,15.11,15.17,15.7,-0.53,-3.38,15904.48,24505.05
355,002808.SZ,20171018,15.98,16.26,15.63,15.7,15.98,-0.28,-1.75,10457.4,16736.282
356,002808.SZ,20171017,15.87,16.13,15.87,15.98,16.03,-0.05,-0.31,9760.33,15624.212
357,002808.SZ,20171016,16.79,16.88,16.0,16.03,16.9,-0.87,-5.15,21480.93,35192.673
358,002808.SZ,20171013,16.81,17.03,16.69,16.9,16.91,-0.01,-0.06,17817.18,30031.512
359,002808.SZ,20171012,16.86,17.12,16.78,16.91,16.93,-0.02,-0.12,14601.53,24739.822
360,002808.SZ,20171011,17.2,17.23,16.87,16.93,17.2,-0.27,-1.57,22779.71,38648.369
361,002808.SZ,20171010,16.83,17.2,16.7,17.2,16.87,0.33,1.96,31437.44,53589.224
362,002808.SZ,20171009,17.33,17.33,16.81,16.87,16.93,-0.06,-0.35,24636.62,41788.691
363,002808.SZ,20170929,16.72,17.2,16.63,16.93,16.75,0.18,1.07,22829.25,38617.688
364,002808.SZ,20170928,17.05,17.09,16.69,16.75,17.15,-0.4,-2.33,24963.22,42079.767
365,002808.SZ,20170927,16.62,17.5,16.44,17.15,16.63,0.52,3.13,37255.19,63460.207
366,002808.SZ,20170926,16.9,17.18,16.35,16.63,17.08,-0.45,-2.63,31753.92,52893.534
367,002808.SZ,20170925,17.38,17.68,16.88,17.08,17.74,-0.66,-3.72,52315.45,90573.25
368,002808.SZ,20170922,16.49,18.21,16.31,17.74,16.78,0.96,5.72,87955.81,149943.041
369,002808.SZ,20170921,15.85,17.17,15.71,16.78,15.86,0.92,5.8,72724.18,120131.04
370,002808.SZ,20170920,15.64,15.87,15.61,15.86,15.68,0.18,1.15,12774.63,20137.143
371,002808.SZ,20170919,15.91,15.96,15.66,15.68,15.92,-0.24,-1.51,13614.07,21479.133
372,002808.SZ,20170918,15.79,15.94,15.73,15.92,15.79,0.13,0.82,11070.15,17557.854
373,002808.SZ,20170915,15.67,15.9,15.67,15.79,15.73,0.06,0.38,10238.23,16124.382
374,002808.SZ,20170914,16.09,16.09,15.65,15.73,15.92,-0.19,-1.19,18750.89,29661.172
375,002808.SZ,20170913,16.08,16.08,15.7,15.92,16.11,-0.19,-1.18,17570.96,27867.975
376,002808.SZ,20170912,16.38,16.38,16.06,16.11,16.33,-0.22,-1.35,19296.92,31272.976
377,002808.SZ,20170911,16.24,16.35,16.15,16.33,16.22,0.11,0.68,14000.12,22785.147
378,002808.SZ,20170908,16.39,16.39,16.09,16.22,16.4,-0.18,-1.1,18515.53,30087.465
379,002808.SZ,20170907,16.2,16.4,16.17,16.4,16.21,0.19,1.17,25425.65,41465.288
380,002808.SZ,20170906,16.19,16.29,16.07,16.21,16.26,-0.05,-0.31,18831.46,30404.533
381,002808.SZ,20170905,16.19,16.31,16.14,16.26,16.14,0.12,0.74,18979.6,30814.454
382,002808.SZ,20170904,16.41,16.46,16.12,16.14,16.41,-0.27,-1.65,18828.0,30504.354
383,002808.SZ,20170901,16.56,16.65,16.39,16.41,16.6,-0.19,-1.14,14745.65,24270.202
384,002808.SZ,20170831,16.63,16.78,16.45,16.6,16.81,-0.21,-1.25,19412.48,32201.783
385,002808.SZ,20170830,17.18,17.18,16.56,16.81,16.88,-0.07,-0.41,18055.76,30226.503
386,002808.SZ,20170829,17.74,17.74,16.88,16.88,16.88,0.0,0.0,27571.39,47341.104
387,002808.SZ,20170828,16.48,16.98,16.48,16.88,16.6,0.28,1.69,24441.68,40959.02
388,002808.SZ,20170825,16.13,16.76,16.03,16.6,16.16,0.44,2.72,26690.36,43648.243
389,002808.SZ,20170824,16.28,16.31,15.96,16.16,16.32,-0.16,-0.98,6869.35,11054.43
390,002808.SZ,20170823,16.16,16.39,15.9,16.32,16.3,0.02,0.12,11651.6,18761.811
391,002808.SZ,20170822,16.5,16.71,16.23,16.3,16.61,-0.31,-1.87,10938.6,17958.336
392,002808.SZ,20170821,16.26,16.75,16.0,16.61,16.3,0.31,1.9,15381.44,25253.286
393,002808.SZ,20170818,16.68,16.68,16.2,16.3,16.72,-0.42,-2.51,10405.14,17103.229
394,002808.SZ,20170817,16.95,16.95,16.54,16.72,16.93,-0.21,-1.24,13395.76,22367.136
395,002808.SZ,20170816,16.43,16.96,16.31,16.93,16.54,0.39,2.36,12994.6,21749.101
396,002808.SZ,20170815,16.74,16.74,16.4,16.54,16.74,-0.2,-1.19,8627.61,14288.383
397,002808.SZ,20170814,16.59,16.85,16.3,16.74,16.75,-0.01,-0.06,8012.02,13338.868
398,002808.SZ,20170811,16.9,16.95,16.04,16.75,16.95,-0.2,-1.18,9656.88,15978.198
399,002808.SZ,20170810,17.4,17.4,16.57,16.95,17.29,-0.34,-1.97,14309.2,24362.793
400,002808.SZ,20170809,17.43,17.43,17.13,17.29,17.35,-0.06,-0.35,6226.4,10743.508
401,002808.SZ,20170808,17.58,17.58,17.08,17.35,17.42,-0.07,-0.4,11089.74,19159.545
402,002808.SZ,20170807,17.18,17.45,17.07,17.42,17.21,0.21,1.22,8958.65,15499.617
403,002808.SZ,20170804,17.8,17.9,17.02,17.21,17.87,-0.66,-3.69,10626.4,18563.196
404,002808.SZ,20170803,17.85,17.98,17.41,17.87,17.8,0.07,0.39,10471.19,18619.565
405,002808.SZ,20170802,18.25,18.3,17.56,17.8,18.22,-0.42,-2.31,9888.6,17616.502
406,002808.SZ,20170801,18.22,18.6,17.53,18.22,17.97,0.25,1.39,24016.59,43273.079
407,002808.SZ,20170731,17.73,18.18,17.61,17.97,17.9,0.07,0.39,15540.01,27811.619
408,002808.SZ,20170728,17.1,18.45,17.1,17.9,17.36,0.54,3.11,16164.66,28497.335
409,002808.SZ,20170727,16.8,17.41,16.59,17.36,16.83,0.53,3.15,15081.05,25886.724
410,002808.SZ,20170726,16.97,17.0,16.55,16.83,16.72,0.11,0.66,9002.41,15105.189
411,002808.SZ,20170725,16.39,16.85,16.13,16.72,16.27,0.45,2.77,13151.83,21852.387
412,002808.SZ,20170724,16.3,16.39,15.88,16.27,16.36,-0.09,-0.55,7704.76,12468.109
413,002808.SZ,20170721,16.03,16.6,16.0,16.36,16.21,0.15,0.93,9712.8,15868.592
414,002808.SZ,20170720,15.46,16.87,15.46,16.21,15.66,0.55,3.51,16955.85,27737.433
415,002808.SZ,20170719,15.33,15.68,15.04,15.66,15.34,0.32,2.09,8047.0,12403.956
416,002808.SZ,20170718,15.1,15.5,14.7,15.34,15.19,0.15,0.99,11771.59,17808.212
417,002808.SZ,20170717,16.95,17.0,15.19,15.19,16.88,-1.69,-10.01,20155.2,31691.719
418,002808.SZ,20170714,17.03,17.03,16.81,16.88,17.03,-0.15,-0.88,5262.0,8891.309
419,002808.SZ,20170713,17.24,17.35,17.0,17.03,17.47,-0.44,-2.52,6474.0,11102.388
420,002808.SZ,20170712,17.73,17.87,16.96,17.47,17.74,-0.27,-1.52,10994.48,18973.786
421,002808.SZ,20170711,18.25,18.25,17.65,17.74,18.23,-0.49,-2.69,8355.74,14927.816
422,002808.SZ,20170710,18.5,18.5,17.93,18.23,18.68,-0.45,-2.41,13187.2,24008.977
423,002808.SZ,20170707,18.39,18.78,18.27,18.68,18.42,0.26,1.41,15911.21,29532.785
424,002808.SZ,20170706,18.47,18.57,18.3,18.42,18.46,-0.04,-0.22,11149.94,20552.484
425,002808.SZ,20170705,18.33,18.62,18.15,18.46,18.21,0.25,1.37,10719.61,19658.822
426,002808.SZ,20170704,18.4,18.4,18.1,18.21,18.32,-0.11,-0.6,4652.6,8490.072
427,002808.SZ,20170703,18.3,18.4,18.05,18.32,18.3,0.02,0.11,5486.81,10020.945
428,002808.SZ,20170630,18.34,18.41,18.11,18.3,18.39,-0.09,-0.49,6140.99,11225.494
429,002808.SZ,20170629,18.35,18.45,18.21,18.39,18.38,0.01,0.05,7772.02,14234.843
430,002808.SZ,20170628,18.67,18.67,18.01,18.38,18.68,-0.3,-1.61,8255.97,15040.218
431,002808.SZ,20170627,18.6,18.77,18.37,18.68,18.61,0.07,0.38,8793.57,16364.69
432,002808.SZ,20170626,18.44,18.67,18.03,18.61,18.47,0.14,0.76,9235.62,16990.631
433,002808.SZ,20170623,17.9,18.5,17.61,18.47,17.94,0.53,2.95,11011.82,19731.807
434,002808.SZ,20170622,18.76,18.76,17.81,17.94,18.8,-0.86,-4.57,9876.06,18177.001
435,002808.SZ,20170621,18.84,18.99,18.41,18.8,18.77,0.03,0.16,9065.13,16882.729
436,002808.SZ,20170620,19.0,19.19,18.75,18.77,18.91,-0.14,-0.74,9786.33,18480.054
437,002808.SZ,20170619,18.98,19.13,18.71,18.91,18.96,-0.05,-0.26,12008.78,22695.697
438,002808.SZ,20170616,19.38,19.38,18.91,18.96,19.5,-0.54,-2.77,19672.26,37607.968
439,002808.SZ,20170615,18.5,19.68,18.34,19.5,18.6,0.9,4.84,29156.55,55861.454
440,002808.SZ,20170614,18.85,18.9,18.4,18.6,18.79,-0.19,-1.01,14302.63,26567.871
441,002808.SZ,20170613,18.27,18.87,18.01,18.79,18.23,0.56,3.07,17987.12,33547.601
442,002808.SZ,20170612,30.1,30.1,28.9,29.27,30.17,-0.9,-2.98,8914.12,26175.797
443,002808.SZ,20170609,30.1,30.41,29.6,30.17,30.09,0.08,0.27,8928.1,26850.307
444,002808.SZ,20170608,30.0,30.57,29.72,30.09,30.07,0.02,0.07,13795.12,41526.522
445,002808.SZ,20170607,28.95,30.6,28.5,30.07,28.34,1.73,6.1,19932.24,59444.664
446,002808.SZ,20170606,27.3,28.56,27.25,28.34,27.36,0.98,3.58,11551.29,32334.66
447,002808.SZ,20170605,27.22,28.02,27.15,27.36,27.35,0.01,0.04,5632.85,15558.654
448,002808.SZ,20170602,26.47,27.48,25.51,27.35,26.5,0.85,3.21,8790.85,23478.288
449,002808.SZ,20170601,28.77,28.77,26.5,26.5,28.89,-2.39,-8.27,8590.85,23662.557
450,002808.SZ,20170531,29.22,30.19,28.66,28.89,28.85,0.04,0.14,8875.33,26061.647
451,002808.SZ,20170526,28.55,29.02,28.04,28.85,28.52,0.33,1.16,6826.28,19496.75
452,002808.SZ,20170525,28.9,28.9,27.37,28.52,28.8,-0.28,-0.97,8283.69,23355.768
453,002808.SZ,20170524,28.78,29.19,27.16,28.8,29.08,-0.28,-0.96,7951.84,22565.372
454,002808.SZ,20170523,32.0,32.55,28.86,29.08,32.07,-2.99,-9.32,14428.2,43505.229
455,002808.SZ,20170522,34.06,34.06,31.68,32.07,34.14,-2.07,-6.06,10154.61,33533.896
456,002808.SZ,20170519,34.7,35.14,34.01,34.14,34.64,-0.5,-1.44,6951.0,24062.34
457,002808.SZ,20170518,34.2,34.89,34.05,34.64,34.41,0.23,0.67,6968.28,24111.992
458,002808.SZ,20170517,34.67,35.2,34.4,34.41,34.73,-0.32,-0.92,11368.29,39592.182
459,002808.SZ,20170516,33.64,34.73,33.1,34.73,33.37,1.36,4.08,10331.35,35003.284
460,002808.SZ,20170515,33.69,34.2,33.32,33.37,33.85,-0.48,-1.42,6236.0,20966.505
461,002808.SZ,20170512,34.73,34.73,33.5,33.85,34.51,-0.66,-1.91,9254.6,31458.355
462,002808.SZ,20170511,35.14,35.14,33.15,34.51,35.1,-0.59,-1.68,15404.18,52643.2
463,002808.SZ,20170510,35.35,36.19,35.1,35.1,35.5,-0.4,-1.13,18469.2,65972.741
464,002808.SZ,20170509,35.01,36.15,34.52,35.5,35.33,0.17,0.48,14409.15,50883.138
465,002808.SZ,20170508,34.94,36.22,34.59,35.33,35.15,0.18,0.51,19295.18,68709.042
466,002808.SZ,20170505,33.88,35.5,33.68,35.15,33.82,1.33,3.93,22140.59,77153.26
467,002808.SZ,20170504,33.9,34.01,33.02,33.82,34.01,-0.19,-0.56,7650.28,25713.559
468,002808.SZ,20170503,33.85,34.15,33.11,34.01,33.53,0.48,1.43,8180.4,27551.958
469,002808.SZ,20170502,34.5,34.77,33.5,33.53,34.61,-1.08,-3.12,6439.0,21945.85
470,002808.SZ,20170428,34.69,34.98,34.47,34.61,34.88,-0.27,-0.77,6431.05,22286.382
471,002808.SZ,20170427,34.8,34.94,33.33,34.88,34.5,0.38,1.1,12608.13,43158.659
472,002808.SZ,20170426,34.08,35.68,33.86,34.5,34.22,0.28,0.82,7477.98,25783.657
473,002808.SZ,20170425,33.84,34.25,33.22,34.22,33.88,0.34,1.0,8893.66,30066.549
474,002808.SZ,20170424,35.78,35.8,32.71,33.88,35.8,-1.92,-5.36,11755.04,39349.123
475,002808.SZ,20170421,36.23,36.23,35.13,35.8,36.18,-0.38,-1.05,7829.0,27947.968
476,002808.SZ,20170420,35.83,36.28,35.66,36.18,35.83,0.35,0.98,9411.14,33918.09
477,002808.SZ,20170419,35.4,35.95,34.5,35.83,35.28,0.55,1.56,9981.49,35308.712
478,002808.SZ,20170418,35.6,35.6,34.8,35.28,34.91,0.37,1.06,9281.6,32607.109
479,002808.SZ,20170417,35.8,36.6,34.7,34.91,36.88,-1.97,-5.34,11471.13,40481.422
480,002808.SZ,20170414,36.8,37.0,36.22,36.88,36.94,-0.06,-0.16,9034.28,33018.129
481,002808.SZ,20170413,36.76,37.18,36.51,36.94,36.8,0.14,0.38,8966.4,32927.278
482,002808.SZ,20170412,35.85,37.42,35.55,36.8,36.11,0.69,1.91,21401.85,78680.997
483,002808.SZ,20170411,35.35,36.13,34.31,36.11,35.27,0.84,2.38,18457.75,65164.265
484,002808.SZ,20170410,38.9,38.9,34.9,35.27,38.6,-3.33,-8.63,28365.42,103975.404
485,002808.SZ,20170407,39.57,39.87,38.59,38.6,39.95,-1.35,-3.38,18785.56,73487.65
486,002808.SZ,20170406,38.42,40.46,38.15,39.95,38.42,1.53,3.98,29040.71,114544.481
487,002808.SZ,20170405,37.5,38.6,37.2,38.42,37.98,0.44,1.16,12121.53,46139.138
488,002808.SZ,20170331,38.19,38.78,37.5,37.98,38.18,-0.2,-0.52,15458.66,59096.97
489,002808.SZ,20170330,38.94,39.33,36.66,38.18,39.47,-1.29,-3.27,28578.54,108211.97
490,002808.SZ,20170329,42.62,44.0,39.45,39.47,42.58,-3.11,-7.3,39226.37,160484.385
491,002808.SZ,20170328,44.1,44.9,42.43,42.58,45.66,-3.08,-6.75,56901.35,245133.951
492,002808.SZ,20170327,45.0,47.7,44.68,45.66,45.8,-0.14,-0.31,94535.57,435505.508
493,002808.SZ,20170324,42.1,46.6,42.1,45.8,42.69,3.11,7.29,92612.11,416885.9
494,002808.SZ,20170323,43.61,44.5,41.63,42.69,43.6,-0.91,-2.09,35772.07,155612.903
495,002808.SZ,20170322,42.76,44.06,42.19,43.6,42.75,0.85,1.99,42342.84,182823.827
496,002808.SZ,20170321,41.81,42.82,41.68,42.75,41.8,0.95,2.27,22983.02,97396.164
497,002808.SZ,20170320,40.7,41.92,40.68,41.8,41.58,0.22,0.53,18992.42,78278.184
498,002808.SZ,20170317,41.9,43.14,41.58,41.58,42.13,-0.55,-1.31,23707.2,100233.145
499,002808.SZ,20170316,41.53,42.59,41.49,42.13,41.47,0.66,1.59,23626.73,99527.189
500,002808.SZ,20170315,42.69,42.75,41.41,41.47,43.15,-1.68,-3.89,25624.7,107881.544
501,002808.SZ,20170314,42.62,43.68,42.1,43.15,42.69,0.46,1.08,33883.37,145337.951
502,002808.SZ,20170313,43.64,43.69,42.0,42.69,43.64,-0.95,-2.18,33728.57,143556.179
503,002808.SZ,20170310,43.8,45.47,42.03,43.64,44.24,-0.6,-1.36,77843.29,341550.09
504,002808.SZ,20170309,40.23,44.24,39.01,44.24,40.22,4.02,10.0,66159.72,278196.335
505,002808.SZ,20170308,39.1,42.39,39.01,40.22,39.1,1.12,2.86,36282.42,147443.51
506,002808.SZ,20170307,39.01,39.48,38.56,39.1,39.0,0.1,0.26,21332.6,83213.698
507,002808.SZ,20170306,37.48,39.27,37.48,39.0,37.49,1.51,4.03,27170.5,104667.109
508,002808.SZ,20170303,36.94,37.58,36.28,37.49,37.1,0.39,1.05,13757.45,50852.919
509,002808.SZ,20170302,37.7,37.85,36.95,37.1,37.62,-0.52,-1.38,15625.05,58501.708
510,002808.SZ,20170301,37.29,37.95,37.29,37.62,37.29,0.33,0.89,14080.2,53056.76
511,002808.SZ,20170228,37.0,37.33,36.52,37.29,37.33,-0.04,-0.11,11949.53,44102.155
512,002808.SZ,20170227,37.56,38.32,37.33,37.33,37.56,-0.23,-0.61,14739.73,55744.825
513,002808.SZ,20170224,37.21,37.76,37.04,37.56,37.34,0.22,0.59,14363.88,53808.31
514,002808.SZ,20170223,37.0,37.8,37.0,37.34,36.92,0.42,1.14,13190.62,49301.338
515,002808.SZ,20170222,37.65,37.65,36.78,36.92,37.76,-0.84,-2.22,15187.11,56456.516
516,002808.SZ,20170221,37.38,38.08,36.8,37.76,37.12,0.64,1.72,16972.57,63559.633
517,002808.SZ,20170220,38.47,38.99,36.0,37.12,38.58,-1.46,-3.78,29053.93,107649.712
518,002808.SZ,20170217,39.8,39.9,38.51,38.58,39.93,-1.35,-3.38,29551.76,115747.871
519,002808.SZ,20170216,38.44,40.29,38.12,39.93,39.0,0.93,2.38,55655.57,220181.419
520,002808.SZ,20170215,38.0,39.7,37.3,39.0,38.19,0.81,2.12,48387.11,187116.933
521,002808.SZ,20170214,36.05,39.7,36.01,38.19,36.2,1.99,5.5,50068.55,189820.29
522,002808.SZ,20170213,35.24,36.2,35.01,36.2,35.26,0.94,2.67,16298.08,58372.782
523,002808.SZ,20170210,35.81,35.99,35.1,35.26,35.86,-0.6,-1.67,11796.27,41772.202
524,002808.SZ,20170209,35.6,36.28,35.6,35.86,35.96,-0.1,-0.28,15860.28,57047.723
525,002808.SZ,20170208,34.79,36.25,34.7,35.96,34.99,0.97,2.77,20891.89,73938.655
526,002808.SZ,20170207,34.89,35.31,34.18,34.99,34.88,0.11,0.32,14301.12,49579.766
527,002808.SZ,20170206,33.97,35.0,33.61,34.88,33.81,1.07,3.16,13497.02,46527.005
528,002808.SZ,20170203,34.21,34.39,33.55,33.81,34.18,-0.37,-1.08,6311.57,21406.664
529,002808.SZ,20170126,33.95,34.29,33.8,34.18,33.72,0.46,1.36,9544.79,32515.156
530,002808.SZ,20170125,33.26,33.82,33.1,33.72,33.19,0.53,1.6,8705.24,29130.706
531,002808.SZ,20170124,34.15,34.33,33.03,33.19,34.15,-0.96,-2.81,7506.67,25224.214
532,002808.SZ,20170123,34.01,34.66,33.71,34.15,33.99,0.16,0.47,10359.38,35391.269
533,002808.SZ,20170120,33.0,34.49,32.53,33.99,33.17,0.82,2.47,15499.34,52498.399
534,002808.SZ,20170119,32.5,33.9,32.0,33.17,32.65,0.52,1.59,11587.91,38381.764
535,002808.SZ,20170118,33.57,33.64,32.53,32.65,33.78,-1.13,-3.35,9547.76,31635.043
536,002808.SZ,20170117,32.03,34.48,31.75,33.78,32.31,1.47,4.55,17100.48,56376.442
537,002808.SZ,20170116,34.61,34.68,31.52,32.31,34.68,-2.37,-6.83,18976.23,62661.593
538,002808.SZ,20170113,37.11,37.28,34.68,34.68,37.11,-2.43,-6.55,19335.83,68554.569
539,002808.SZ,20170112,37.2,37.78,37.08,37.11,37.43,-0.32,-0.85,9124.58,34128.476
540,002808.SZ,20170111,39.04,39.28,37.42,37.43,39.09,-1.66,-4.25,12617.16,48534.009
541,002808.SZ,20170110,39.33,39.65,38.91,39.09,39.23,-0.14,-0.36,8209.91,32243.433
542,002808.SZ,20170109,39.8,39.8,38.7,39.23,39.91,-0.68,-1.7,11082.42,43421.848
543,002808.SZ,20170106,41.53,41.7,39.8,39.91,41.42,-1.51,-3.65,15850.3,64053.187
544,002808.SZ,20170105,42.39,42.49,41.3,41.42,42.43,-1.01,-2.38,11237.9,47072.848
545,002808.SZ,20170104,41.67,42.45,41.41,42.43,41.66,0.77,1.85,14052.48,59016.362
546,002808.SZ,20170103,40.9,41.96,40.9,41.66,40.87,0.79,1.93,9308.76,38613.32
547,002808.SZ,20161230,40.9,41.38,40.65,40.87,40.89,-0.02,-0.05,7809.02,31956.937
548,002808.SZ,20161229,41.77,41.99,40.76,40.89,41.25,-0.36,-0.87,11246.29,46591.483
549,002808.SZ,20161228,42.18,42.32,40.9,41.25,42.16,-0.91,-2.16,7497.63,31246.814
550,002808.SZ,20161227,42.44,42.65,42.09,42.16,42.45,-0.29,-0.68,7460.34,31599.179
551,002808.SZ,20161226,41.05,42.58,40.1,42.45,41.72,0.73,1.75,13935.75,57792.503
552,002808.SZ,20161223,44.6,44.6,41.7,41.72,44.4,-2.68,-6.04,20059.68,85926.144
553,002808.SZ,20161222,43.7,45.24,43.52,44.4,43.7,0.7,1.6,20571.99,91566.854
554,002808.SZ,20161221,43.24,43.87,43.09,43.7,43.17,0.53,1.23,10978.36,47705.963
555,002808.SZ,20161220,43.46,44.0,43.04,43.17,43.73,-0.56,-1.28,8754.0,38003.64
556,002808.SZ,20161219,44.0,44.48,43.52,43.73,44.0,-0.27,-0.61,8922.98,39164.072
557,002808.SZ,20161216,44.2,44.65,43.48,44.0,44.33,-0.33,-0.74,15773.51,69311.939
558,002808.SZ,20161215,44.13,45.71,43.89,44.33,44.78,-0.45,-1.0,29706.6,133133.83
559,002808.SZ,20161214,42.35,45.29,40.95,44.78,42.82,1.96,4.58,36298.58,158214.27
560,002808.SZ,20161213,42.08,43.38,41.51,42.82,43.05,-0.23,-0.53,19298.34,81821.729
561,002808.SZ,20161212,47.8,47.97,43.04,43.05,47.82,-4.77,-9.97,26589.97,119181.624
562,002808.SZ,20161209,48.8,49.2,47.63,47.82,49.13,-1.31,-2.67,16344.76,78944.844
563,002808.SZ,20161208,49.85,49.97,49.1,49.13,49.83,-0.7,-1.4,11476.58,56851.498
564,002808.SZ,20161207,49.88,50.14,48.88,49.83,49.6,0.23,0.46,17157.33,84612.209
565,002808.SZ,20161206,49.71,50.5,49.51,49.6,49.4,0.2,0.4,10289.84,51440.609
566,002808.SZ,20161205,48.94,50.69,48.65,49.4,50.05,-0.65,-1.3,14186.81,70572.068
567,002808.SZ,20161202,52.0,52.34,50.0,50.05,51.94,-1.89,-3.64,23817.19,121392.07
568,002808.SZ,20161201,51.53,52.48,51.3,51.94,51.28,0.66,1.29,15782.5,81713.86
569,002808.SZ,20161130,52.6,53.0,50.7,51.28,53.16,-1.88,-3.54,29450.96,152117.053
570,002808.SZ,20161129,54.98,54.98,53.16,53.16,55.79,-2.63,-4.71,29889.86,161281.046
571,002808.SZ,20161128,54.98,56.56,54.45,55.79,54.97,0.82,1.49,39019.13,217876.953
572,002808.SZ,20161125,54.81,55.49,52.11,54.97,55.09,-0.12,-0.22,27102.74,146208.95
573,002808.SZ,20161124,54.0,55.58,54.0,55.09,54.7,0.39,0.71,27506.97,150767.093
574,002808.SZ,20161123,57.0,57.34,54.55,54.7,57.34,-2.64,-4.6,37790.28,211454.188
575,002808.SZ,20161122,55.09,57.68,55.09,57.34,55.22,2.12,3.84,48792.79,276105.775
576,002808.SZ,20161121,54.14,55.41,53.05,55.22,54.1,1.12,2.07,34936.31,189851.782
577,002808.SZ,20161118,54.08,55.74,53.86,54.1,54.0,0.1,0.19,30448.74,166977.777
578,002808.SZ,20161117,54.05,54.35,53.01,54.0,54.05,-0.05,-0.09,22318.91,119977.648
579,002808.SZ,20161116,57.17,57.25,54.0,54.05,57.17,-3.12,-5.46,50207.95,276522.365
580,002808.SZ,20161115,56.82,57.68,56.43,57.17,56.8,0.37,0.65,32120.68,183251.236
581,002808.SZ,20161114,58.51,59.0,56.21,56.8,59.0,-2.2,-3.73,59669.8,340932.11
582,002808.SZ,20161111,60.05,62.3,58.5,59.0,60.9,-1.9,-3.12,70042.4,420466.424
583,002808.SZ,20161110,60.1,63.45,59.1,60.9,60.7,0.2,0.33,121293.12,739959.805
584,002808.SZ,20161109,55.29,61.33,54.85,60.7,55.75,4.95,8.88,124502.07,725106.218
585,002808.SZ,20161108,53.38,56.52,52.88,55.75,53.5,2.25,4.21,73360.7,402915.979
586,002808.SZ,20161107,53.55,54.68,52.4,53.5,53.0,0.5,0.94,48172.84,257839.082
587,002808.SZ,20161104,50.62,53.88,50.6,53.0,50.88,2.12,4.17,51930.27,271516.498
588,002808.SZ,20161103,51.41,52.08,50.73,50.88,51.5,-0.62,-1.2,35257.5,180983.916
589,002808.SZ,20161102,51.0,52.47,50.7,51.5,51.34,0.16,0.31,33971.26,175013.653
590,002808.SZ,20161101,50.13,51.82,50.13,51.34,50.72,0.62,1.22,30937.37,158387.425
591,002808.SZ,20161031,52.9,52.9,50.23,50.72,54.4,-3.68,-6.76,54412.95,279100.081
592,002808.SZ,20161028,53.87,56.7,53.66,54.4,54.3,0.1,0.18,79811.62,439211.4458
593,002808.SZ,20161027,51.97,54.82,51.31,54.3,51.9,2.4,4.62,67186.82,357934.5442
594,002808.SZ,20161026,52.7,53.0,51.27,51.9,53.66,-1.76,-3.28,42618.35,221793.2575
595,002808.SZ,20161025,51.65,54.29,51.39,53.66,51.3,2.36,4.6,64920.17,344762.2047
596,002808.SZ,20161024,51.01,52.85,50.82,51.3,51.58,-0.28,-0.54,32778.73,169308.5119
597,002808.SZ,20161021,52.5,53.4,50.67,51.58,52.58,-1.0,-1.9,48763.52,253927.7378
598,002808.SZ,20161020,53.01,53.96,51.95,52.58,53.3,-0.72,-1.35,39324.43,207894.0122
599,002808.SZ,20161019,53.2,54.0,52.38,53.3,53.2,0.1,0.19,43270.19,230703.1376
600,002808.SZ,20161018,52.95,53.75,52.52,53.2,52.96,0.24,0.45,40109.19,213144.5199
601,002808.SZ,20161017,52.5,53.5,51.01,52.96,52.98,-0.02,-0.04,35366.31,186083.2715
602,002808.SZ,20161014,51.78,53.85,51.59,52.98,52.57,0.41,0.78,28705.2,150949.8282
603,002808.SZ,20161013,53.8,54.42,52.36,52.57,54.18,-1.61,-2.97,37895.24,201250.0051
604,002808.SZ,20161012,54.03,54.49,53.03,54.18,54.9,-0.72,-1.31,45328.81,244035.4031
605,002808.SZ,20161011,51.8,55.55,51.67,54.9,52.45,2.45,4.67,65941.22,353384.1299
606,002808.SZ,20161010,51.4,53.0,50.28,52.45,50.43,2.02,4.01,46565.47,240576.8847
607,002808.SZ,20160930,51.7,52.46,50.22,50.43,52.46,-2.03,-3.87,47731.03,244669.7259
608,002808.SZ,20160929,49.02,53.59,49.0,52.46,49.5,2.96,5.98,68375.45,354211.1694
609,002808.SZ,20160928,47.05,50.93,47.05,49.5,47.71,1.79,3.75,53743.63,264507.4063
610,002808.SZ,20160927,47.39,47.83,46.3,47.71,47.5,0.21,0.44,33089.33,156348.8554
611,002808.SZ,20160926,49.5,49.7,47.5,47.5,50.0,-2.5,-5.0,42064.31,204046.2026
612,002808.SZ,20160923,51.4,51.98,49.88,50.0,51.65,-1.65,-3.19,46844.64,238266.5641
613,002808.SZ,20160922,53.82,53.85,51.55,51.65,53.83,-2.18,-4.05,67837.76,354873.5177
614,002808.SZ,20160921,54.4,55.97,53.6,53.83,55.08,-1.25,-2.27,64671.12,353308.6224
615,002808.SZ,20160920,54.0,55.89,53.21,55.08,54.35,0.73,1.34,71156.17,388827.8943
616,002808.SZ,20160919,54.05,55.55,53.0,54.35,53.88,0.47,0.87,68645.54,372320.3748
617,002808.SZ,20160914,54.7,55.32,52.8,53.88,55.47,-1.59,-2.87,88448.68,476851.8937
618,002808.SZ,20160913,57.95,58.8,54.15,55.47,57.82,-2.35,-4.06,122516.35,688823.1733
619,002808.SZ,20160912,50.92,57.82,50.7,57.82,52.56,5.26,10.01,134653.05,743396.6754
620,002808.SZ,20160909,53.8,53.98,51.0,52.56,54.75,-2.19,-4.0,99985.6,524849.7143
621,002808.SZ,20160908,55.95,56.51,54.1,54.75,58.56,-3.81,-6.51,120852.51,667469.1364
622,002808.SZ,20160907,56.8,60.8,55.8,58.56,56.13,2.43,4.33,198310.75,1145978.315
623,002808.SZ,20160906,56.13,56.13,54.22,56.13,51.03,5.1,9.99,146881.65,820044.3753
624,002808.SZ,20160905,51.03,51.03,51.03,51.03,46.39,4.64,10.0,1055.42,5385.8083
625,002808.SZ,20160902,46.39,46.39,46.39,46.39,42.17,4.22,10.01,639.0,2964.321
626,002808.SZ,20160901,42.17,42.17,42.17,42.17,38.34,3.83,9.99,480.0,2024.16
627,002808.SZ,20160831,38.34,38.34,38.34,38.34,34.85,3.49,10.01,379.66,1455.6164
628,002808.SZ,20160830,34.85,34.85,34.85,34.85,31.68,3.17,10.01,311.31,1084.9154
629,002808.SZ,20160829,31.68,31.68,31.68,31.68,28.8,2.88,10.0,304.42,964.4026
630,002808.SZ,20160826,28.8,28.8,28.8,28.8,26.18,2.62,10.01,267.0,768.96
631,002808.SZ,20160825,26.18,26.18,26.18,26.18,23.8,2.38,10.0,170.86,447.3115
632,002808.SZ,20160824,23.8,23.8,23.8,23.8,21.64,2.16,9.98,94.1,223.958
633,002808.SZ,20160823,21.64,21.64,21.64,21.64,19.67,1.97,10.02,37.13,80.3493
634,002808.SZ,20160822,19.67,19.67,19.67,19.67,17.88,1.79,10.01,57.1,112.3157
635,002808.SZ,20160819,17.88,17.88,17.88,17.88,16.25,1.63,10.03,32.0,57.216
636,002808.SZ,20160818,16.25,16.25,16.25,16.25,14.77,1.48,10.02,55.05,89.4563
637,002808.SZ,20160817,14.77,14.77,14.77,14.77,13.43,1.34,9.98,31.0,45.787
638,002808.SZ,20160816,13.43,13.43,13.43,13.43,12.21,1.22,9.99,43.0,57.749
639,002808.SZ,20160815,12.21,12.21,12.21,12.21,11.1,1.11,10.0,17.0,20.757
640,002808.SZ,20160812,9.25,11.1,9.25,11.1,7.71,3.39,43.97,154.05,168.6455
